<?xml version="1.0" encoding="UTF-8"?>
<project-private xmlns="http://www.netbeans.org/ns/project-private/1">
    <editor-bookmarks xmlns="http://www.netbeans.org/ns/editor-bookmarks/2" lastBookmarkId="0"/>
    <open-files xmlns="http://www.netbeans.org/ns/projectui-open-files/2">
        <group>
            <file>file:/C:/Users/Habibur%20Rahman/Documents/CSE/CSE2_1/CSE2100Software%20development/MatchMakingTT/src/matchmaking/LoginPage.java</file>
            <file>file:/C:/Users/Habibur%20Rahman/Documents/CSE/CSE2_1/CSE2100Software%20development/MatchMakingTT/src/matchmaking/Quiz3.java</file>
            <file>file:/C:/Users/Habibur%20Rahman/Documents/CSE/CSE2_1/CSE2100Software%20development/MatchMakingTT/src/matchmaking/Quiz4.java</file>
            <file>file:/C:/Users/Habibur%20Rahman/Documents/CSE/CSE2_1/CSE2100Software%20development/MatchMakingTT/src/matchmaking/AllTheClasses.java</file>
            <file>file:/C:/Users/Habibur%20Rahman/Documents/CSE/CSE2_1/CSE2100Software%20development/MatchMakingTT/src/matchmaking/dbConnection.java</file>
            <file>file:/C:/Users/Habibur%20Rahman/Documents/CSE/CSE2_1/CSE2100Software%20development/MatchMakingTT/src/matchmaking/MatchMaking.java</file>
            <file>file:/C:/Users/Habibur%20Rahman/Documents/CSE/CSE2_1/CSE2100Software%20development/MatchMakingTT/src/matchmaking/Quiz1.java</file>
            <file>file:/C:/Users/Habibur%20Rahman/Documents/CSE/CSE2_1/CSE2100Software%20development/MatchMakingTT/src/matchmaking/Matches.java</file>
            <file>file:/C:/Users/Habibur%20Rahman/Documents/CSE/CSE2_1/CSE2100Software%20development/MatchMakingTT/src/matchmaking/Quiz2.java</file>
            <file>file:/C:/Users/Habibur%20Rahman/Documents/CSE/CSE2_1/CSE2100Software%20development/MatchMakingTT/src/matchmaking/Profile.java</file>
            <file>file:/C:/Users/Habibur%20Rahman/Documents/CSE/CSE2_1/CSE2100Software%20development/MatchMakingTT/src/matchmaking/dbConnection1.java</file>
            <file>file:/C:/Users/Habibur%20Rahman/Documents/CSE/CSE2_1/CSE2100Software%20development/MatchMakingTT/src/matchmaking/WelcomePage.java</file>
            <file>file:/C:/Users/Habibur%20Rahman/Documents/CSE/CSE2_1/CSE2100Software%20development/MatchMakingTT/src/matchmaking/Retrieval.java</file>
        </group>
    </open-files>
</project-private>
